Addicted To A Memory,Zedd,OST,293,128
Anemone,Naden,OST,327,123
Back 'N' Forth,Milano,OST,185,125
Bangarang,Skrillex,OST,212,110
Can't Take It pt 2,Hot Rod Elegants,OST,164,102
Caution (GOOD Remix),Skrxlla,OST,183,126
Dance Monkey,Tones and I,OST,208,98
Drift,Rafael Frost,OST,193,128
Everybody Get Up,Ian Post,OST,109,99
Freedom,The Originals,OST,148,118
Gangnam Style,PSY,OST,216,132
Golden Pineapple,Tolan,OST,159,110
Hit the Beat,IAamDayLight,OST,201,100
I've Been Thinkin,Dimitrix,OST,213,126
Jurassic Snack Pack,Prototyperaptor,OST,375,130
Just Dance,Lady Gaga,OST,238,119
Keep My Cool,Benj Heard,OST,175,112
Krishna,Dropgun,OST,159,128
Makamba,Trobi & Vorwerk,OST,126,108
Mandala,Blastoyz,OST,349,143
Mini Me (GOOD Remix),Skrxlla,OST,140,110
Mythologica,Ofrin,OST,153,85
Red,Rafael Frost,OST,451,136
Satisfaction,Benny Benassi,OST,284,130
Show Me,"Tiesto, DallasK",OST,169,128
SIDthesize,InSine,OST,192,100
Sofi Needs a Ladder,Deadmau5,OST,334,128
Take It to the Top,Ofrin,OST,198,127
Technicolor Love,Divine Attraction,OST,212,120
X-Type,I KILL PXLS,OST,221,130
