Tutorial,Spin Rhythm,OST,0:55,92,SRXD_OST0
New Game,Nitro Fun,OST,2:10,128,SRXD_OST1
Checkpoint,Nitro Fun & Hyper Potions,OST,02:54,140,SRXD_OST2
Inject,Droptek,OST,02:35,172,SRXD_OST3
2 Minutes,Kitty feat. Lazerdisk and Rytmeklubben,OST,03:42,135,SRXD_OST4
Humanity,Max Brhon,OST,03:16,110,SRXD_OST5
Hypersphere,Douglas Holmquist,OST,03:22,108,SRXD_OST6
Time,Supathick,OST,03:02,100,SRXD_OST7
Ghost Ship,Teminite,OST,02:58,110,SRXD_OST8
Beyond the Heart (Broken Heart Mix),Lena Raine,OST,03:03,130,SRXD_OST9
Adventures,Hyper Potions & Subtact,OST,03:00,80,SRXD_OST10
Highscore,Teminite & Panda Eyes,OST,03:12,110,SRXD_OST11
Never Count on Me,Haywyre,OST,03:21,90,SRXD_OST12
cold rock it,2 Mello,OST,04:14,166,SRXD_OST13
I See Lite,Kitty,OST,02:58,155,SRXD_OST14
BUBBLES,Tokyo Machine,OST,03:53,128,SRXD_OST15
Dying Scarlet,Akira Complex,OST,03:56,110,SRXD_OST16
Superimposed_RGB,Douglas Holmquist,OST,03:17,155,SRXD_OST17
Water Elemental,Sharks & Chime,OST,03:20,150,SRXD_OST18
Velours,Anomalie,OST,04:22,89,SRXD_OST19
Revenger,F.O.O.L,OST,03:38,110,SRXD_OST20
Show Me Love (nxwyxrk remix),Aimee Francis,OST,03:20,160,SRXD_OST21
My Museum,Maxo,OST,03:20,120,SRXD_OST22
Let Me Hear That,Haywyre,OST,03:25,110,SRXD_OST23
The Magician,seejay,OST,04:07,130,SRXD_OST24
Lovesick,Moe Shop feat. maisou,OST,02:55,120,SRXD_OST25
Showdown,F.O.O.L,OST,04:06,125,SRXD_OST26
Robo Trio,Oxford Parker,OST,02:54,186,SRXD_OST27
Reach You,Maxo,OST,03:34,160,SRXD_OST28
Engine Start,modus,OST,04:00,126,SRXD_OST29
Your Pain,Koven,OST,03:20,150,SRXD_OST30
Twist Sound,2 Mello,OST,03:19,111,SRXD_OST31
Voidwalkers,Au5 & Chime,OST,03:48,142,SRXD_OST32
Prism Bucket,Mr Kapow & Martiln,OST,03:03,155,SRXD_OST33
The Kraken,Teminite,OST,04:32,150,SRXD_OST34
Arcana Engine,Monomer,OST,03:45,151,SRXD_OST35
New Year,Hyper Potions,OST,03:09,160,SRXD_OST36
Sector Five,modus,OST,03:53,146,SRXD_OST37
Dance With Silence,Camellia,OST,04:43,128,SRXD_OST38
Whirlpool,Sharks & Skybreak,OST,04:43,150,SRXD_OST39
Ginger Lizard,Opiuo,OST,02:47,118,SRXD_OST40
Mimic,Droptek,OST,04:03,172,SRXD_OST41
Spin Cycle,Daverwob,OST,02:23,116,SRXD_OST42
Heading East,FarfetchD,OST,03:21,110,SRXD_OST43
Pirate Afterparty,Teminite,OST,03:56,110,SRXD_OST44
No Limits,"modus, Loudar",OST,04:27,225,SRXD_OST45
Metropole,Anomalie,OST,04:38,100,SRXD_OST46
Colorblind,Panda Eyes,OST,03:43,150,SRXD_OST47
This Is It,Rogue,OST,03:44,108,SRXD_OST48
Platform 9,Oneeva,OST,03:41,126,SRXD_OST49
Lights Camera Action,meganeko,OST,03:31,118,SRXD_OST50
Go Outside,Phonetic Hero,OST,03:18,96,SRXD_OST51
VOLT,Modern Revolt,OST,03:06,128,SRXD_OST52
Air On Line,Anamanaguchi,OST,04:45,95,SRXD_OST53
Flight,Tristam & Braken,OST,03:35,175,SRXD_OST54
Coming Too,FarfetchD feat. Elysium and Nutmeg,OST,03:21,112,SRXD_OST55
Razor Sharp,Pegboard Nerds & Tristam,OST,04:28,110,SRXD_OST56
Raise The Black Flag,Teminite,OST,04:41,145,SRXD_OST57
Hot Pursuit,Tut Tut Child,OST,05:01,140,SRXD_OST58
Rattlesnake,Rogue,OST,02:50,175,SRXD_OST59
Body F10ating in the Zero Gravity Space,Camellia,OST,04:38,170,SRXD_OST60
One Esk Nineteen,Praxis Axis,OST,05:00,125,SRXD_OST61
Believe,Teminite,OST,05:39,150,SRXD_OST62
Final Boss,Nitro Fun,OST,05:18,130,SRXD_OST63
Dry Dreams,Daverwob,OST,02:50,126,SRXD_OST64
Cheat Codes,Nitro Fun,OST,03:26,128,SRXD_DLC1
CRAZY,Tokyo Machine,OST,03:22,128,SRXD_DLC2
Into The Light,Notaker feat. Karra,OST,03:19,100,SRXD_DLC3
Shut My Mouth,Koven,OST,03:41,150,SRXD_DLC4
THE DROP,Gammer,OST,03:57,150,SRXD_DLC5
Blue Shadows,Xilent,OST,04:02,150,SRXD_DLC6
Overkill,RIOT,OST,05:06,174,SRXD_DLC7
U Got Me,Bossfight,OST,03:10,150,SRXD_DLC8
How We Win,FWLR,OST,03:40,126,SRXD_DLC9
It's All Over,ShockOne,OST,03:57,150,SRXD_DLC10
